,First_Name,Last_Name,Date_Of_Birth,Address,City,State,ZIP_Code,Plan_Type
0,BERNIE,BARRERA,03/29/1944,571 Columbia Ct,Commodore,PA,19104,Silver Star
1,DORIAN,SALAZAR,03/28/1970,4 Madison Rd,HBG,PA,19187,Silver Star
2,VALENTIN,JARVIS,03/22/1994,903 West Blvd,Meadville,PA,16820,Platinum Star
3,ARIEL,MONTES,09/29/1938,221 Round Cir,Slateville,PA,16922,Platinum Star
4,ADOLPH,POOLE,09/21/1996,594 Hillsboro St,Houtzdale,PA,17301,Silver Star
5,GONZALO,MCCANN,04/13/1940,788 Dallas Cir,Glenwillard,PA,17022,Silver Star
6,MONROE,CAMPBELL,01/25/2002,459 Edmond Ct,Tatamy,PA,19001,Silver Star
7,CORNELL,WALSH,11/02/1976,189 Medina St,Cambra,PA,17082,Silver Star
8,ADAN,MANN,06/17/1937,409 Glendora Way,Hunter,PA,17406,Silver Star
9,NOE,RIVERA,09/09/1998,409 High Rd,Jeffersonville,PA,18010,Silver Star
10,SHELTON,DAY,09/16/1953,191 Poplar Blvd,Shrewsbury,PA,15610,Platinum Star
11,LAVERN,DELGADO,02/09/1963,561 Florence Rd,Anita,PA,15520,Silver Star
12,STEVIE,GARRISON,05/02/1935,788 Middletown Way,Duncansville,PA,15410,Gold Star
13,GARTH,SUMMERS,02/13/2006,589 Raytown Ct,Loysville,PA,15611,Platinum Star
14,SANDY,NEWMAN,10/18/1978,373 Newark Ct,Philadelphia,PA,17972,Silver Star
15,EDDY,HARTMAN,03/06/1980,674 Severn Way,Pittsburgh,PA,19501,Silver Star
16,GIOVANNI,MCCULLOUGH,01/18/1989,51 Norwalk Way,Phila,PA,16110,Silver Star
17,ARRON,ROSS,02/25/1979,589 Westfield Ln,Yatesville,PA,15411,Platinum Star
18,DAREN,VILLA,05/03/1950,101 Charleston Rd,Creekside,PA,16210,Platinum Star
19,DENNY,MULLINS,02/07/1994,746 Ridgeland Way,Pittsburgh,PA,17236,Platinum Star
20,DINO,POPE,02/01/2004,51 Ridgecrest Ln,Pitt,PA,17302,Silver Star
21,RICKIE,POTTER,06/19/2007,449 Battle Cir,Belsano,PA,17501,Gold Star
22,CARTER,MCCLURE,12/14/1989,788 Mequon Rd,Nanticoke,PA,16910,Silver Star
23,DENNY,TANG,01/17/1932,989 Enterprise Way,Locustdale,PA,19529,Gold Star
24,FREEMAN,NORMAN,05/12/1951,479 Findlay Blvd,Pittsburgh,PA,16401,Gold Star
25,RUBIN,BARRERA,01/06/1997,24 Hawthorne Way,Mexico,PA,16475,Gold Star
26,ARON,RILEY,02/04/1932,871 San Way,Stewartstown,PA,16475,Silver Star
27,MERLIN,ESPINOZA,07/15/1960,962 Mitchell St,Waverly,PA,18210,Gold Star
28,MERRILL,ROGERS,01/02/1989,496 Gaithersburg Way,Edinburg,PA,18011,Gold Star
29,MITCHEL,WISE,04/03/1986,324 Sherman Way,Hulmeville,PA,15069,Gold Star
30,DEANDRE,FRY,08/19/1963,103 Belleville Cir,Delmont,PA,19018,Silver Star
31,HOLLIS,BERGER,12/18/2004,455 Camden St,Loganville,PA,15310,Silver Star
32,ISAIAH,MATTHEWS,09/24/2000,351 Indio Blvd,Wheatfield,PA,17004,Gold Star
33,JOHNATHON,DICKSON,09/28/1952,238 Santa Ct,Gilberton,PA,16611,Gold Star
34,RAPHAEL,SOSA,05/30/1993,339 Cheektowaga Way,Coatesville,PA,17841,Silver Star
35,JOAN,DELEON,09/19/1970,102 Surprise Rd,Pittston,PA,17040,Gold Star
36,RICKIE,SAWYER,01/29/1973,683 Avenel Rd,Wynnewood,PA,17853,Silver Star
37,JEFFERSON,WALLS,02/17/1980,285 White St,Chicora,PA,15001,Gold Star
38,ISIDRO,BRADSHAW,10/20/2001,524 Peabody St,Highmount,PA,15001,Gold Star
39,RAYMUNDO,OROZCO,07/09/2009,177 Sulphur Way,Elk,PA,15212,Platinum Star
40,JARVIS,FLOYD,10/03/1979,871 Lents Blvd,Nordmont,PA,15606,Silver Star
41,DONNELL,MICHAEL,12/28/1938,102 Orcutt St,Spartansburg,PA,19540,Platinum Star
42,CARMEN,JACOBS,03/02/1943,524 Kirksville Rd,Abbottstown,PA,15412,Platinum Star
43,CLEMENT,KNOX,09/27/1945,102 Tucson Cir,Starlight,PA,17002,Platinum Star
44,WILBURN,SIERRA,12/30/1944,177 Mansfield Rd,Hubley,PA,18101,Bronze Star
45,TRUMAN,CAREY,02/13/1973,232 Enid Way,Wawa,PA,18102,Platinum Star
46,ARRON,TERRELL,11/26/1942,426 Haslett Cir,Cooperville,PA,18103,Gold Star
47,NORMAND,MCKEE,01/19/2006,383 South Rd,Beaver,PA,18104,Silver Star
48,CHANCE,MAY,10/26/2008,566 Marblehead Blvd,Southeastern,PA,18105,Platinum Star
49,SONNY,MORENO,10/31/1999,764 Romeoville Cir,Carsonville,PA,18106,Silver Star
50,SANFORD,CASE,04/13/1998,189 Albany Blvd,Erie,PA,18109,Gold Star
51,MAJOR,MEJIA,10/09/2004,383 Altamonte Way,Groffdale,PA,18195,Bronze Star
52,GIOVANNI,DAVIDSON,04/25/1964,791 Ridgecrest Rd,Johnstown,PA,18109,Gold Star
53,JONAS,SUAREZ,09/29/1966,849 Bridgeview St,Waltonville,PA,17810,Gold Star
54,SEBASTIAN,COLLIER,02/26/1951,764 Saginaw St,Shawanese,PA,15413,Gold Star
55,MASON,WIGGINS,10/28/1993,824 Trenton Way,Clarkstown,PA,15101,Platinum Star
56,AVERY,MALDONADO,06/25/1957,191 Hamilton Ct,Oliveburg,PA,16821,Gold Star
57,MERLIN,ROBLES,10/23/1962,455 Sartell Rd,Ramey,PA,17815,Silver Star
58,SHELBY,NAVA,04/29/1943,216 Rochester Way,Brookside,PA,17339,Platinum Star
59,EMERY,CHURCH,01/12/1935,788 Wilmington Cir,Coraopolis,PA,19560,Silver Star
60,ODELL,MCCARTY,10/15/1941,352 Hermiston Cir,Harrisburg,PA,17931,Silver Star
61,TRENTON,PHAN,12/27/1988,764 West St,Lehman,PA,17268,Silver Star
62,DAREN,WOODWARD,01/11/1990,102 Westport Ct,Hegins,PA,16601,Silver Star
63,VALENTIN,PEARSON,06/14/1981,99 Raytown Blvd,Tuscarora,PA,16602,Silver Star
64,DANTE,DECKER,10/25/1941,383 West Ct,Philadelphia,PA,16603,Platinum Star
65,ZACHERY,CASTILLO,09/09/1948,646 Granger Ct,Pottstown,PA,18762,Gold Star
66,BROCK,HART,03/15/1950,737 Missoula St,Pittsburgh,PA,15521,Bronze Star
67,THAD,CORTES,11/19/1988,367 Coney Ln,Mooresburg,PA,15710,Platinum Star
68,FLETCHER,MUNOZ,04/24/1973,791 Bismarck St,Penn,PA,15612,Platinum Star
69,GENARO,HARRELL,05/20/1949,449 Bethlehem Ct,Oakford,PA,17267,Gold Star
70,ALI,ROMERO,05/22/2007,429 Wheeling St,Cochranville,PA,17210,Gold Star
71,BEAU,HERNANDEZ,12/06/1988,850 Opelika Rd,Smithfield,PA,19002,Gold Star
72,GARTH,STEVENSON,04/17/1938,51 Shoreline Ct,Fryburg,PA,15003,Silver Star
73,ELOY,LEON,01/08/2009,789 Roseville Rd,Sunnyburn,PA,15311,Silver Star
74,ANTWAN,HESTER,12/10/1998,505 Beavercreek Rd,Connerton,PA,18320,Platinum Star
75,FERDINAND,RAMIREZ,07/18/1965,989 Plymouth Cir,Atlas,PA,19020,Silver Star
76,ADOLPH,MEDRANO,01/30/2009,970 Iowa Cir,Gregg,PA,17029,Platinum Star
77,BARTON,HARDING,10/27/1952,800 Phoenixville Rd,Wall,PA,17047,Gold Star
78,ROMEO,VALDEZ,09/25/1945,917 Boston Ct,Shindle,PA,17055,Gold Star
79,HERSHEL,WILEY,03/12/1998,918 Morgan Rd,Plains,PA,17233,Gold Star
80,KURTIS,BEARD,10/20/1949,788 South Blvd,Lawn,PA,18211,Bronze Star
81,RUSS,ROSAS,06/28/2003,26 Los Ct,Whitsett,PA,17509,Bronze Star
82,RUSS,DOYLE,07/05/1943,187 Bay Blvd,Audubon,PA,19540,Silver Star
83,BOOKER,ESPARZA,12/21/1939,850 Rutland Rd,Reading,PA,15711,Gold Star
84,CHANCE,MADDEN,01/25/1991,102 Brockton Blvd,Benezette,PA,16018,Gold Star
85,ADOLPH,HANNA,10/14/2009,189 Salina Ct,Lionville,PA,16020,Platinum Star
86,AVERY,CONTRERAS,01/05/1944,315 Huntington Rd,Brockton,PA,17003,Bronze Star
87,TRUMAN,TRAN,02/05/1989,216 Kissimmee St,Rushland,PA,16901,Silver Star
88,LOYD,WATTS,11/25/1966,903 Moscow Ln,Chester,PA,17720,Platinum Star
89,GRAHAM,TRUJILLO,12/15/1990,383 Ottumwa St,Collingdale,PA,17772,Gold Star
90,EMERY,MARKS,06/20/1979,594 Peekskill Cir,Pitt,PA,16617,Gold Star
91,KAREEM,MCCLAIN,12/14/1964,628 Tacoma Ct,Aspers,PA,15613,Silver Star
92,BROCK,ZAMORA,09/02/1952,674 Granger Ln,Wiconisco,PA,17201,Silver Star
93,THADDEUS,GOULD,05/08/1964,970 Greenwood Way,Philadelphia,PA,18012,Silver Star
94,BROOKS,DORSEY,01/29/1982,43 Auburn Rd,Pitt,PA,15712,Silver Star
95,DONNELL,SIMMONS,05/11/1986,594 Havelock Rd,Duquesne,PA,17059,Gold Star
96,DEANDRE,SWANSON,09/20/1994,989 Newport Rd,Northpoint,PA,18403,Silver Star
97,ABE,QUINTERO,09/21/1988,253 Stillwater Cir,Sereno,PA,19420,Gold Star
98,ELISEO,WILKINS,02/04/2009,191 Northbrook St,Philadelphia,PA,15615,Platinum Star
99,DERICK,WALLER,06/24/1983,674 Barberton Cir,Weidmanville,PA,19003,Gold Star
